Divisions ,State,Male Pop %,Female Pop %,0-4 %,5-9 %,10-14 %,15-19 %,20-24 %,25-29 %,30-34 %,35-39 %,40-44 %,45-49 %,50-54 %,55-59 %,60-64 %,65-69 %,70-74 %,75-79 %,80-84 %,85+ %,Median Age,Preschool %,Primary - Government %,Primay - Catholic %,Primary - Other %,Secondary - Government %,Secondary - Catholic %,Secondary - Other %,Technical Or further %,University Or tertiary %,Other %,Not Stated Education %,Bachelor Degree+ %,Advanced Diploma And Diploma level %,CertIV %,CertIII %,Year 12 %,Year 11 %,Year 10 %,CertII %,CertI %,Year 9 Or Under %,None %,Not Stated Highest Educational Attainment %,Worked Full Time %,Worked Part Time %,Away From Work %,Unemployed %,Professionals %,Clerical And Administrative Workers %,Technicians And Trade Workers %,Managers %,Community And Personal Service Workers %,Sales Workers %,Labourers %,Machinery Operators And Drivers %,Personal Median Weekly Incomes $,Family Weekly Median Weekly Incomes $,Household Median Weekly Incomes $,Owned Private Dwelling Outright %,Owned Private Dwelling With A Mortgage %,Rented Private Dwelling %,Other Tenure Type %,Tenure Type Not Stated %
Banks,NSW,0.486,0.514,0.061,0.059,0.056,0.061,0.069,0.074,0.074,0.066,0.067,0.065,0.068,0.065,0.055,0.046,0.035,0.029,0.024,0.027,38,0.055,0.179,0.057,0.02,0.134,0.058,0.027,0.061,0.209,0.031,0.168,0.258,0.097,0.023,0.1,0.19,0.03,0.1,0,0,0.081,0.012,0.074,0.594,0.298,0.046,0.062,0.235,0.168,0.126,0.119,0.099,0.096,0.08,0.058,644,1837,1598,0.336,0.319,0.313,0.007,0.025
Barton,NSW,0.496,0.504,0.06,0.053,0.047,0.052,0.079,0.105,0.097,0.075,0.068,0.062,0.06,0.053,0.047,0.04,0.031,0.027,0.022,0.023,38,0.044,0.145,0.048,0.018,0.099,0.048,0.02,0.07,0.25,0.051,0.207,0.294,0.092,0.019,0.075,0.198,0.026,0.076,0,0,0.08,0.019,0.092,0.591,0.296,0.047,0.066,0.244,0.145,0.119,0.115,0.1,0.098,0.1,0.057,637,1730,1601,0.302,0.289,0.372,0.006,0.03
Bennelong,NSW,0.488,0.512,0.06,0.057,0.05,0.057,0.08,0.085,0.085,0.076,0.068,0.064,0.064,0.058,0.051,0.042,0.03,0.025,0.021,0.025,36,0.053,0.169,0.047,0.017,0.111,0.05,0.026,0.066,0.295,0.028,0.139,0.398,0.095,0.019,0.065,0.182,0.023,0.061,0,0,0.051,0.009,0.065,0.614,0.28,0.042,0.064,0.34,0.152,0.098,0.141,0.083,0.086,0.054,0.028,724,2104,1817,0.306,0.302,0.361,0.01,0.022
Berowra,NSW,0.491,0.509,0.053,0.069,0.07,0.073,0.061,0.043,0.045,0.059,0.073,0.077,0.076,0.071,0.06,0.054,0.041,0.03,0.02,0.025,41,0.061,0.221,0.041,0.035,0.147,0.056,0.057,0.05,0.19,0.018,0.125,0.354,0.108,0.022,0.092,0.158,0.031,0.079,0,0,0.049,0.004,0.064,0.598,0.318,0.04,0.044,0.315,0.152,0.103,0.171,0.082,0.085,0.051,0.025,793,2460,2256,0.398,0.417,0.145,0.022,0.019
Blaxlan,NSW,0.51,0.49,0.077,0.071,0.064,0.065,0.081,0.092,0.082,0.068,0.061,0.059,0.059,0.056,0.046,0.038,0.027,0.021,0.016,0.019,32,0.045,0.152,0.05,0.048,0.126,0.042,0.033,0.066,0.177,0.042,0.219,0.173,0.08,0.016,0.085,0.228,0.037,0.105,0.001,0,0.109,0.038,0.099,0.544,0.3,0.054,0.102,0.161,0.132,0.161,0.082,0.107,0.098,0.132,0.095,462,1285,1222,0.279,0.285,0.392,0.006,0.038
Bradfield,NSW,0.48,0.52,0.056,0.071,0.071,0.071,0.057,0.048,0.058,0.067,0.073,0.077,0.071,0.06,0.05,0.046,0.038,0.03,0.024,0.032,40,0.06,0.195,0.033,0.062,0.093,0.044,0.117,0.043,0.204,0.023,0.128,0.472,0.095,0.013,0.04,0.163,0.023,0.051,0,0,0.039,0.004,0.063,0.605,0.307,0.038,0.05,0.388,0.132,0.061,0.192,0.077,0.082,0.036,0.015,893,2706,2341,0.376,0.353,0.242,0.011,0.018
Calare,NSW,0.5,0.5,0.065,0.069,0.065,0.064,0.058,0.059,0.058,0.056,0.062,0.065,0.066,0.067,0.061,0.06,0.047,0.033,0.024,0.022,40,0.055,0.18,0.065,0.02,0.118,0.049,0.031,0.067,0.088,0.013,0.314,0.137,0.076,0.035,0.162,0.111,0.036,0.156,0.001,0,0.108,0.003,0.144,0.579,0.302,0.055,0.63,0.17,0.12,0.152,0.133,0.117,0.09,0.115,0.086,607,1531,1207,0.358,0.321,0.282,0.007,0.032
Chifley ,NSW,0.494,0.506,0.079,0.079,0.071,0.073,0.073,0.073,0.079,0.072,0.066,0.063,0.06,0.056,0.047,0.04,0.027,0.018,0.012,0.012,33,0.051,0.198,0.063,0.034,0.129,0.07,0.027,0.065,0.13,0.028,0.204,0.178,0.079,0.027,0.108,0.185,0.04,0.137,0.001,0,0.104,0.013,0.095,0.613,0.25,0.051,0.086,0.15,0.159,0.129,0.073,0.107,0.092,0.126,0.143,596,1575,1477,0.216,0.375,0.37,0.007,0.031
Cook,NSW,0.485,0.515,0.059,0.061,0.059,0.057,0.055,0.06,0.063,0.064,0.071,0.071,0.067,0.065,0.057,0.052,0.043,0.033,0.027,0.033,41,0.065,0.199,0.067,0.019,0.129,0.066,0.032,0.058,0.151,0.021,0.193,0.233,0.113,0.029,0.131,0.158,0.029,0.108,0,0,0.066,0.005,0.085,0.616,0.298,0.048,0.038,0.237,0.164,0.126,0.158,0.101,0.1,0.055,0.041,812,2215,1805,0.38,0.331,0.257,0.008,0.024
Cowper,NSW,0.484,0.516,0.051,0.061,0.06,0.057,0.045,0.046,0.047,0.048,0.057,0.061,0.068,0.076,0.074,0.075,0.06,0.046,0.032,0.035,47,0.06,0.169,0.062,0.039,0.112,0.061,0.037,0.07,0.071,0.018,0.299,0.133,0.085,0.035,0.161,0.108,0.039,0.156,0.002,0,0.111,0.003,0.133,0.501,0.369,0.055,0.075,0.19,0.125,0.138,0.115,0.133,0.107,0.119,0.055,526,1257,1000,0.397,0.261,0.296,0.014,0.031
Cunningham,NSW,0.495,0.505,0.057,0.061,0.057,0.064,0.082,0.068,0.062,0.061,0.067,0.064,0.066,0.063,0.055,0.05,0.04,0.032,0.025,0.027,39,0.059,0.171,0.052,0.02,0.11,0.058,0.019,0.062,0.246,0.019,0.184,0.23,0.092,0.032,0.138,0.141,0.03,0.113,0.001,0,0.092,0.008,0.09,0.55,0.331,0.049,0.07,0.26,0.134,0.14,0.11,0.122,0.086,0.08,0.053,600,1801,1372,0.343,0.297,0.322,0.01,0.028
Dobell,NSW,0.483,0.517,0.061,0.068,0.066,0.063,0.058,0.054,0.057,0.058,0.064,0.066,0.065,0.064,0.06,0.057,0.046,0.036,0.026,0.031,41,0.069,0.216,0.049,0.03,0.148,0.043,0.028,0.067,0.098,0.02,0.231,0.118,0.088,0.038,0.171,0.128,0.04,0.163,0.001,0,0.102,0.003,0.113,0.552,0.326,0.052,0.07,0.166,0.135,0.16,0.107,0.126,0.11,0.111,0.068,592,1542,1268,0.323,0.35,0.28,0.015,0.031
Eden-Monaro,NSW,0.5,0.5,0.055,0.063,0.062,0.058,0.048,0.051,0.055,0.055,0.066,0.074,0.075,0.077,0.071,0.065,0.046,0.032,0.022,0.022,43,0.052,0.193,0.057,0.022,0.129,0.056,0.024,0.061,0.091,0.018,0.297,0.182,0.089,0.033,0.151,0.133,0.039,0.129,0.001,0,0.085,0.003,0.125,0.6,0.298,0.06,0.042,0.176,0.145,0.14,0.164,0.11,0.085,0.102,0.058,709,1743,1349,0.37,0.343,0.249,0.008,0.03
Farrer,NSW,0.495,0.505,0.062,0.065,0.065,0.062,0.055,0.056,0.056,0.053,0.059,0.063,0.066,0.071,0.066,0.062,0.048,0.038,0.027,0.027,42,0.058,0.183,0.065,0.024,0.133,0.051,0.026,0.061,0.065,0.016,0.316,0.116,0.072,0.032,0.157,0.116,0.057,0.153,0.001,0,0.123,0.006,0.142,0.58,0.307,0.059,0.055,0.148,0.116,0.137,0.17,0.103,0.092,0.142,0.075,613,1442,1149,0.336,0.3,0.29,0.01,0.034
Fowler,NSW,0.493,0.507,0.064,0.063,0.063,0.068,0.077,0.074,0.071,0.064,0.064,0.067,0.067,0.067,0.056,0.045,0.03,0.024,0.017,0.018,36,0.039,0.174,0.049,0.016,0.164,0.043,0.016,0.071,0.155,0.04,0.233,0.127,0.074,0.019,0.089,0.228,0.039,0.111,0.001,0,0.134,0.054,0.1,0.567,0.277,0.051,0.105,0.149,0.138,0.146,0.08,0.103,0.094,0.145,0.08,452,1275,1212,0.298,0.279,0.382,0.007,0.035
Gilmore,NSW,0.493,0.507,0.049,0.056,0.056,0.054,0.045,0.043,0.045,0.046,0.055,0.059,0.067,0.078,0.081,0.085,0.067,0.049,0.033,0.033,49,0.062,0.209,0.035,0.02,0.142,0.038,0.024,0.059,0.073,0.018,0.32,0.141,0.089,0.035,0.173,0.103,0.035,0.151,0.001,0,0.104,0.002,0.13,0.506,0.371,0.058,0.064,0.182,0.117,0.166,0.121,0.135,0.105,0.104,0.054,535,1278,1038,0.445,0.269,0.243,0.013,0.03
Grayndler ,NSW,0.487,0.513,0.061,0.054,0.041,0.036,0.068,0.099,0.103,0.092,0.086,0.075,0.065,0.054,0.047,0.039,0.028,0.02,0.016,0.016,36,0.052,0.157,0.04,0.021,0.062,0.039,0.035,0.056,0.247,0.034,0.256,0.426,0.09,0.019,0.06,0.147,0.019,0.051,0,0,0.052,0.01,0.1,0.654,0.259,0.0442,0.046,0.383,0.127,0.083,0.17,0.083,0.071,0.045,0.023,997,2592,2093,0.245,0.288,0.437,0.005,0.025
Greenway,NSW,0.502,0.498,0.081,0.08,0.066,0.064,0.061,0.07,0.088,0.091,0.079,0.066,0.059,0.052,0.045,0.037,0.024,0.017,0.011,0.01,34,0.065,0.219,0.064,0.027,0.131,0.061,0.024,0.057,0.153,0.029,0.17,0.271,0.097,0.029,0.105,0.173,0.034,0.103,0.001,0,0.071,0.008,0.079,0.64,0.254,0.044,0.062,0.23,0.168,0.124,0.116,0.092,0.092,0.081,0.079,747,2052,1941,0.232,0.457,0.281,0.005,0.025
Hughes,NSW,0.493,0.507,0.068,0.072,0.067,0.065,0.061,0.057,0.063,0.069,0.075,0.072,0.068,0.064,0.055,0.048,0.037,0.023,0.016,0.02,38,0.076,0.221,0.076,0.023,0.148,0.068,0.03,0.059,0.156,0.02,0.124,0.237,0.114,0.037,0.147,0.155,0.032,0.113,0,0,0.06,0.003,0.061,0.622,0.298,0.044,0.037,0.238,0.173,0.138,0.139,0.105,0.091,0.056,0.044,828,2300,2088,0.354,0.446,0.176,0.006,0.019
Hume,NSW,0.496,0.504,0.067,0.072,0.07,0.066,0.057,0.058,0.062,0.061,0.07,0.07,0.068,0.064,0.059,0.054,0.039,0.027,0.018,0.018,38,0.069,0.222,0.058,0.031,0.136,0.059,0.032,0.062,0.093,0.017,0.22,0.138,0.093,0.037,0.182,0.126,0.037,0.155,0.001,0,0.091,0.003,0.104,0.614,0.29,0.052,0.044,0.158,0.144,0.162,0.134,0.112,0.091,0.096,0.085,714,1901,1628,0.329,0.437,0.198,0.011,0.025
Hunter,NSW,0.496,0.504,0.065,0.067,0.064,0.063,0.059,0.059,0.062,0.059,0.064,0.065,0.065,0.066,0.061,0.058,0.045,0.031,0.023,0.025,40,0.067,0.207,0.049,0.037,0.141,0.042,0.036,0.066,0.082,0.019,0.254,0.109,0.077,0.039,0.191,0.106,0.04,0.171,0.001,0,0.119,0.002,0.113,0.559,0.312,0.054,0.076,0.144,0.123,0.177,0.097,0.113,0.095,0.117,0.118,589,1547,1294,0.335,0.359,0.266,0.013,0.027
Kingford Smith,NSW,0.495,0.505,0.055,0.052,0.044,0.059,0.104,0.099,0.091,0.079,0.07,0.063,0.058,0.05,0.043,0.039,0.031,0.025,0.018,0.02,34,0.042,0.095,0.057,0.027,0.045,0.055,0.031,0.049,0.333,0.031,0.235,0.342,0.084,0.018,0.077,0.193,0.023,0.063,0,0,0.052,0.008,0.112,0.624,0.273,0.046,0.057,0.311,0.142,0.101,0.145,0.101,0.086,0.059,0.039,777,2235,1794,0.254,0.242,0.466,0.007,0.032
Lindsay,NSW,0.493,0.507,0.075,0.073,0.064,0.065,0.071,0.077,0.079,0.072,0.07,0.064,0.06,0.058,0.051,0.045,0.03,0.02,0.013,0.013,34,0.067,0.205,0.06,0.031,0.113,0.071,0.029,0.068,0.113,0.021,0.0211,0.135,0.084,0.038,0.155,0.153,0.041,0.161,0.001,0,0.096,0.005,0.1,0.636,0.257,0.049,0.049,0.152,0.175,0.146,0.102,0.107,0.095,0.097,0.107,723,1836,1612,0.254,0.393,0.322,0.005,0.027
Lyne,NSW,0.49,0.51,0.047,0.058,0.059,0.056,0.039,0.037,0.039,0.043,0.055,0.062,0.07,0.077,0.081,0.087,0.071,0.051,0.034,0.033,50,0.061,0.209,0.045,0.024,0.154,0.046,0.024,0.068,0.058,0.016,0.295,0.11,0.082,0.032,0.179,0.094,0.036,0.174,0.001,0,0.125,0.002,0.128,0.5,0.361,0.061,0.078,0.165,0.118,0.155,0.125,0.119,0.106,0.122,0.072,493,1203,967,0.454,0.276,0.227,0.013,0.031
Macarthur ,NSW,0.492,0.508,0.077,0.076,0.069,0.068,0.072,0.074,0.079,0.07,0.067,0.061,0.062,0.061,0.053,0.045,0.029,0.018,0.011,0.009,34,0.061,0.218,0.054,0.034,0.135,0.065,0.023,0.062,0.123,0.024,0.201,0.144,0.089,0.033,0.146,0.173,0.042,0.15,0.001,0,0.091,0.008,0.091,0.621,0.26,0.05,0.069,0.152,0.162,0.143,0.096,0.109,0.1,0.105,0.112,669,1709,1573,0.239,0.42,0.306,0.01,0.025
Mackellar,NSW,0.488,0.512,0.06,0.07,0.064,0.06,0.051,0.046,0.054,0.063,0.076,0.076,0.072,0.063,0.056,0.053,0.046,0.034,0.024,0.031,42,0.068,0.22,0.042,0.041,0.123,0.061,0.053,0.058,0.133,0.022,0.179,0.278,0.122,0.027,0.117,0.158,0.031,0.088,0.001,0,0.049,0.003,0.084,0.589,0.334,0.043,0.034,0.258,0.141,0.128,0.176,0.098,0.095,0.057,0.031,847,2374,2056,0.367,0.369,0.215,0.022,0.027
Macquarie,NSW,0.488,0.512,0.059,0.066,0.066,0.066,0.057,0.052,0.0544,0.057,0.068,0.074,0.071,0.073,0.066,0.061,0.044,0.028,0.019,0.019,41,0.066,0.204,0.049,0.038,0.129,0.053,0.048,0.071,0.133,0.02,0.189,0.21,0.107,0.04,0.157,0.127,0.034,0.13,0.001,0,0.074,0.002,0.085,0.589,0.319,0.046,0.045,0.221,0.142,0.156,0.126,0.111,0.081,0.085,0.062,707,1889,1556,0.356,0.404,0.209,0.009,0.022
McMahon,NSW,0.496,0.504,0.073,0.071,0.064,0.065,0.073,0.075,0.076,0.07,0.065,0.064,0.063,0.061,0.051,0.044,0.031,0.023,0.016,0.015,35,0.053,0.186,0.074,0.02,0.133,0.068,0.017,0.073,0.137,0.038,0.2,0.145,0.082,0.025,0.114,0.199,0.039,0.127,0.001,0,0.117,0.035,0.088,0.6033,0.267,0.05,0.081,0.154,0.168,0.154,0.094,0.096,0.096,0.107,0.106,527,1509,1412,0.299,0.343,0.322,0.006,0.03
Mitchell,NSW,0.489,0.511,0.066,0.079,0.073,0.068,0.058,0.049,0.061,0.076,0.082,0.075,0.066,0.059,0.052,0.048,0.036,0.023,0.015,0.014,38,0.069,0.22,0.073,0.036,0.128,0.07,0.051,0.052,0.176,0.023,0.101,0.334,0.112,0.226,0.095,0.17,0.031,0.086,0,0,0.052,0.004,0.053,0.628,0.287,0.038,0.047,0.295,0.163,0.103,0.167,0.08,0.095,0.047,0.032,821,2400,2268,0.33,0.457,0.185,0.012,0.017
New England,NSW,0.489,0.511,0.06,0.066,0.065,0.058,0.055,0.055,0.052,0.059,0.062,0.066,0.07,0.07,0.066,0.062,0.05,0.038,0.025,0.025,42,0.059,0.184,0.057,0.025,0.132,0.034,0.038,0.057,0.105,0.014,0.297,0.135,0.073,0.034,0.15,0.12,0.037,0.16,0.001,0,0.118,0.003,0.139,0.572,0.308,0.056,0.064,0.167,0.112,0.134,0.162,0.105,0.091,0.142,0.07,571,1363,1089,0.371,0.286,0.302,0.009,0.032
Newcastle,NSW,0.4933,0.507,0.059,0.058,0.053,0.058,0.089,0.08,0.073,0.065,0.066,0.064,0.064,0.063,0.055,0.046,0.036,0.026,0.021,0.026,37,0.058,0.169,0.044,0.022,0.113,0.034,0.027,0.071,0.259,0.018,0.186,0.243,0.089,0.037,0.135,0.146,0.03,0.119,0.001,0,0.083,0.004,0.087,0.55,0.329,0.048,0.073,0.28,0.131,0.128,0.102,0.123,0.092,0.082,0.049,670,1820,1398,0.297,0.317,0.354,0.006,0.026
North Sydney,NSW,0.482,0.518,0.062,0.058,0.05,0.047,0.055,0.083,0.098,0.089,0.079,0.07,0.061,0.055,0.049,0.046,0.034,0.024,0.017,0.023,37,0.062,0.17,0.045,0.033,0.058,0.068,0.065,0.047,0.222,0.03,0.198,0.498,0.095,0.015,0.041,0.144,0.022,0.042,0,0,0.032,0.003,0.079,0.669,0.249,0.039,0.043,0.418,0.126,0.057,0.201,0.068,0.074,0.027,0.012,1165,2998,2352,0.291,0.272,0.409,0.008,0.02
Page,NSW,0.493,0.507,0.053,0.062,0.062,0.061,0.046,0.044,0.046,0.05,0.059,0.064,0.073,0.08,0.08,0.072,0.053,0.039,0.028,0.028,46,0.058,0.194,0.052,0.026,0.142,0.053,0.019,0.07,0.078,0.016,0.293,0.131,0.077,0.335,0.163,0.107,0.039,0.168,0.001,0,0.115,0.003,0.128,0.5,0.367,0.054,0.079,0.172,0.122,0.135,0.126,0.125,0.099,0.139,0.066,509,1243,998,0.407,0.293,0.261,0.008,0.031
Parkes,NSW,0.497,0.503,0.07,0.072,0.062,0.057,0.056,0.062,0.059,0.054,0.058,0.063,0.068,0.071,0.062,0.057,0.045,0.035,0.024,0.223,40,0.068,0.186,0.076,0.018,0.131,0.03,0.018,0.06,0.05,0.013,0.35,0.108,0.063,0.031,0.148,0.109,0.043,0.178,0.001,0,0.132,0.004,0.158,0.61,0.265,0.058,0.066,0.149,0.11,0.131,0.181,0.115,0.084,0.12,0.09,604,1420,1143,0.357,0.277,0.315,0.012,0.039
Parramatta,NSW,0.507,0.493,0.079,0.064,0.049,0.05,0.069,0.101,0.12,0.09,0.067,0.056,0.055,0.05,0.042,0.034,0.025,0.02,0.014,0.015,33,0.052,0.175,0.052,0.014,0.103,0.046,0.02,0.064,0.208,0.04,0.225,0.34,0.088,0.019,0.07,0.177,0.026,0.076,0,0,0.064,0.018,0.093,0.615,0.257,0.044,0.084,0.283,0.148,0.114,0.105,0.09,0.086,0.087,0.065,642,1725,1596,0.209,0.272,0.482,0.007,0.03
Paterson,NSW,0.491,0.509,0.066,0.07,0.063,0.061,0.058,0.061,0.061,0.059,0.063,0.063,0.065,0.064,0.061,0.061,0.048,0.033,0.022,0.021,40,0.069,0.217,0.056,0.029,0.145,0.039,0.031,0.067,0.087,0.019,0.241,0.105,0.082,0.043,0.187,0.108,0.04,0.176,0.001,0,0.118,0.002,0.105,0.553,0.317,0.052,0.078,0.144,0.128,0.176,0.093,0.121,0.104,0.12,0.098,587,1480,1236,0.333,0.339,0.291,0.009,0.029
Reid,NSW,0.494,0.506,0.059,0.049,0.042,0.049,0.088,0.115,0.107,0.079,0.067,0.061,0.059,0.055,0.045,0.038,0.028,0.022,0.018,0.02,34,0.043,0.118,0.048,0.022,0.072,0.046,0.033,0.061,0.277,0.044,0.234,0.376,0.09,0.016,0.058,0.188,0.022,0.056,0,0,0.055,0.012,0.098,0.619,0.275,0.044,0.062,0.317,0.142,0.096,0.153,0.082,0.093,0.063,0.031,760,2108,1898,0.272,0.281,0.415,0.005,0.027
Richmond,NSW,0.482,0.518,0.051,0.058,0.057,0.054,0.041,0.043,0.051,0.054,0.064,0.066,0.071,0.079,0.076,0.072,0.054,0.042,0.031,0.036,47,0.05,0.162,0.059,0.036,0.113,0.056,0.031,0.061,0.088,0.018,0.326,0.166,0.093,0.03,0.154,0.121,0.039,0.141,0.001,0,0.085,0.002,0.134,0.48,0.4,0.054,0.067,0.199,0.114,0.149,0.123,0.132,0.107,0.11,0.049,564,1363,1099,0.395,0.277,0.283,0.012,0.033
Riverina,NSW,0.495,0.505,0.062,0.069,0.066,0.064,0.061,0.057,0.056,0.055,0.058,0.062,0.065,0.067,0.063,0.06,0.046,0.037,0.026,0.027,40,0.06,0.185,0.078,0.018,0.121,0.059,0.024,0.066,0.09,0.016,0.283,0.123,0.069,0.033,0.16,0.119,0.04,0.168,0.001,0,0.121,0.003,0.132,0.591,0.298,0.055,0.056,0.16,0.112,0.145,0.168,0.114,0.094,0.124,0.069,606,1437,1147,0.368,0.303,0.285,0.01,0.034
Robertson,NSW,0.484,0.516,0.056,0.061,0.059,0.059,0.052,0.052,0.053,0.057,0.065,0.067,0.069,0.07,0.064,0.063,0.053,0.038,0.029,0.033,44,0.067,0.202,0.041,0.036,0.144,0.036,0.038,0.065,0.126,0.022,0.223,0.177,0.101,0.036,0.154,0.137,0.034,0.136,0.001,0,0.084,0.002,0.101,0.557,0.332,0.049,0.062,0.219,0.141,0.145,0.123,0.119,0.1,0.09,0.046,629,1668,1304,0.357,0.33,0.267,0.016,0.029
Shortland,NSW,0.488,0.512,0.058,0.063,0.06,0.061,0.055,0.051,0.057,0.055,0.062,0.067,0.067,0.068,0.063,0.063,0.053,0.04,0.028,0.027,43,0.072,0.234,0.049,0.02,0.165,0.039,0.025,0.067,0.119,0.017,0.193,0.149,0.087,0.036,0.18,0.11,0.036,0.165,0.001,0,0.11,0.002,0.088,0.546,0.337,0.049,0.069,0.197,0.142,0.16,0.099,0.119,0.105,0.099,0.065,600,1573,1262,0.394,0.346,0.229,0.007,0.025
Sydney,NSW,0.518,0.482,0.034,0.02,0.015,0.042,0.141,0.181,0.151,0.095,0.067,0.054,0.048,0.042,0.034,0.029,0.019,0.013,0.009,0.007,32,0.017,0.041,0.009,0.009,0.022,0.011,0.014,0.075,0.383,0.085,0.334,0.438,0.084,0.015,0.041,0.182,0.015,0.029,0,0,0.024,0.006,0.143,0.649,0.249,0.041,0.061,0.374,0.111,0.081,0.168,0.104,0.076,0.052,0.168,933,2498,1933,0.137,0.201,0.622,0.007,0.033
Warringah,NSW,0.482,0.518,0.062,0.068,0.06,0.051,0.047,0.065,0.08,0.081,0.084,0.078,0.068,0.058,0.047,0.045,0.037,0.026,0.018,0.024,38,0.066,0.196,0.044,0.047,0.077,0.055,0.072,0.046,0.161,0.028,0.209,0.423,0.107,0.019,0.068,0.144,0.026,0.056,0,0,0.034,0.002,0.086,0.638,0.284,0.042,0.036,0.347,0.125,0.08,0.21,0.083,0.082,0.036,0.018,1113,2989,2384,0.318,0.307,0.346,0.007,0.022
Watson,NSW,0.501,0.499,0.072,0.069,0.06,0.062,0.075,0.085,0.084,0.072,0.065,0.063,0.062,0.055,0.046,0.037,0.029,0.024,0.019,0.02,34,0.047,0.149,0.062,0.042,0.11,0.054,0.032,0.065,0.198,0.041,0.201,0.229,0.085,0.016,0.08,0.222,0.032,0.091,0,0,0.096,0.029,0.092,0.553,0.31,0.052,0.086,0.199,0.138,0.135,0.097,0.106,0.104,0.114,0.083,490,1391,1281,0.281,0.282,0.394,0.007,0.037
Wentworth,NSW,0.479,0.521,0.056,0.0533,0.045,0.04,0.055,0.101,0.11,0.09,0.076,0.069,0.058,0.052,0.044,0.046,0.035,0.026,0.019,0.027,37,0.056,0.106,0.027,0.074,0.022,0.026,0.104,0.043,0.179,0.038,0.325,0.468,0.088,0.013,0.047,0.143,0.02,0.038,0,0,0.025,0.002,0.127,0.666,0.258,0.04,0.037,0.407,0.109,0.06,0.208,0.079,0.078,0.029,0.012,1242,3231,2380,0.286,0.236,0.442,0.007,0.029
Werriwa,NSW,0.493,0.507,0.073,0.079,0.078,0.077,0.072,0.066,0.072,0.07,0.071,0.068,0.067,0.059,0.047,0.036,0.024,0.018,0.012,0.011,33,0.048,0.185,0.057,0.044,0.143,0.061,0.036,0.056,0.138,0.025,0.206,0.152,0.086,0.024,0.111,0.209,0.042,0.121,0.001,0,0.102,0.028,0.096,0.609,0.263,0.049,0.079,0.161,0.161,0.143,0.094,0.096,0.094,0.112,0.115,566,1635,1572,0.248,0.429,0.284,0.007,0.031
Whitlam,NSW,0.486,0.514,0.06,0.066,0.065,0.066,0.056,0.053,0.056,0.057,0.064,0.065,0.067,0.067,0.06,0.06,0.05,0.038,0.026,0.024,41,0.072,0.213,0.054,0.028,0.143,0.063,0.033,0.065,0.091,0.021,0.217,0.128,0.089,0.037,0.175,0.118,0.04,0.162,0.001,0,0.109,0.005,0.101,0.557,0.328,0.051,0.063,0.158,0.132,0.17,0.103,0.126,0.107,0.108,0.082,582,1555,1303,0.375,0.344,0.245,0.008,0.028
Aston,VIC,0.488,0.512,0.058,0.059,0.059,0.066,0.068,0.064,0.068,0.067,0.067,0.072,0.072,0.069,0.061,0.052,0.036,0.027,0.018,0.019,39,0.056,0.204,0.046,0.026,0.15,0.059,0.039,0.067,0.169,0.031,0.152,0.229,0.102,0.032,0.129,0.173,0.072,0.083,0,0,0.077,0.006,0.07,0.585,0.315,0.043,0.056,0.211,0.158,0.148,0.121,0.1,0.111,0.081,0.054,665,1830,1590,0.341,0.423,0.199,0.015,0.022
Ballarat,VIC,0.485,0.515,0.062,0.067,0.062,0.064,0.065,0.059,0.059,0.059,0.064,0.067,0.068,0.066,0.062,0.059,0.043,0.03,0.021,0.022,40,0.055,0.182,0.07,0.032,0.099,0.069,0.046,0.045,0.14,0.024,0.239,0.179,0.088,0.037,0.148,0.134,0.077,0.102,0.001,0,0.101,0.002,0.109,0.537,0.342,0.056,0.065,0.2,0.127,0.152,0.118,0.121,0.099,0.103,0.062,593,1507,1191,0.337,0.363,0.265,0.007,0.028
Batman,VIC,0.484,0.516,0.06,0.053,0.045,0.047,0.077,0.097,0.097,0.081,0.075,0.071,0.059,0.052,0.043,0.037,0.03,0.028,0.024,0.024,36,0.046,0.148,0.047,0.014,0.082,0.041,0.021,0.058,0.271,0.034,0.237,0.333,0.084,0.022,0.075,0.165,0.04,0.048,0,0,0.096,0.017,0.101,0.562,0.321,0.046,0.07,0.313,0.129,0.109,0.126,0.103,0.089,0.075,0.04,660,1815,1443,0.307,0.276,0.38,0.006,0.031
Bendigo,VIC,0.488,0.512,0.061,0.064,0.061,0.061,0.061,0.056,0.056,0.057,0.063,0.066,0.068,0.069,0.066,0.062,0.045,0.034,0.023,0.025,41,0.052,0.181,0.067,0.024,0.121,0.052,0.035,0.053,0.108,0.02,0.286,0.183,0.085,0.036,0.147,0.124,0.071,0.1,0.001,0,0.101,0.004,0.123,0.527,0.356,0.057,0.06,0.211,0.119,0.144,0.122,0.119,0.097,0.117,0.056,604,1470,1188,0.355,0.36,0.25,0.006,0.029
Bruce,VIC,0.503,0.497,0.058,0.056,0.055,0.061,0.077,0.077,0.077,0.067,0.066,0.065,0.06,0.057,0.052,0.049,0.041,0.034,0.024,0.024,37,0.045,0.168,0.04,0.019,0.136,0.335,0.033,0.067,0.213,0.045,0.199,0.259,0.094,0.02,0.083,0.191,0.052,0.068,0.001,0,0.093,0.024,0.09,0.556,0.311,0.045,0.088,0.227,0.132,0.132,0.111,0.097,0.098,0.11,0.073,521,1461,1303,0.361,0.287,0.311,0.009,0.031
Calwell,VIC,0.499,0.501,0.066,0.068,0.069,0.074,0.078,0.075,0.068,0.063,0.065,0.071,0.071,0.062,0.051,0.043,0.03,0.021,0.014,0.011,35,0.042,0.153,0.066,0.039,0.128,0.053,0.048,0.063,0.148,0.043,0.217,0.146,0.084,0.024,0.113,0.204,0.067,0.087,0.001,0,0.129,0.026,0.096,0.55,0.308,0.052,0.09,0.145,0.149,0.148,0.097,0.112,0.111,0.113,0.103,486,1428,1331,0.33,0.398,0.232,0.007,0.033
Casey,VIC,0.492,0.508,0.064,0.065,0.063,0.064,0.06,0.062,0.065,0.062,0.069,0.071,0.07,0.067,0.059,0.055,0.041,0.027,0.018,0.018,39,0.065,0.221,0.048,0.03,0.148,0.044,0.046,0.07,0.104,0.028,0.195,0.159,0.103,0.04,0.174,0.141,0.081,0.099,0.001,0,0.086,0.004,0.087,0.571,0.33,0.053,0.046,0.165,0.139,0.19,0.123,0.113,0.096,0.1,0.058,662,1731,1472,0.336,0.471,0.159,0.01,0.024
Chisholm,VIC,0.486,0.514,0.051,0.051,0.05,0.069,0.113,0.088,0.073,0.061,0.063,0.065,0.058,0.052,0.045,0.04,0.033,0.031,0.027,0.029,37,0.041,0.133,0.038,0.018,0.082,0.036,0.041,0.057,0.375,0.031,0.147,0.36,0.095,0.018,0.061,0.204,0.041,0.046,0,0,0.066,0.01,0.076,0.538,0.336,0.042,0.085,0.315,0.136,0.101,0.136,0.097,0.1,0.068,0.03,554,1832,1428,0.345,0.28,0.337,0.012,0.025
Corangamite,VIC,0.49,0.51,0.063,0.068,0.064,0.06,0.058,0.053,0.06,0.061,0.068,0.066,0.064,0.065,0.064,0.06,0.045,0.031,0.023,0.026,40,0.06,0.202,0.062,0.03,0.102,0.065,0.049,0.05,0.152,0.022,0.207,0.222,0.106,0.037,0.144,0.134,0.072,0.082,0.001,0,0.081,0.003,0.095,0.531,0.365,0.056,0.048,0.222,0.116,0.148,0.137,0.119,0.099,0.096,0.047,651,1720,1388,0.374,0.377,0.216,0.009,0.024
Corio,VIC,0.486,0.514,0.06,0.059,0.057,0.062,0.065,0.065,0.063,0.058,0.064,0.065,0.067,0.065,0.062,0.059,0.044,0.034,0.025,0.026,40,0.051,0.166,0.06,0.027,0.103,0.06,0.05,0.062,0.121,0.031,0.269,0.156,0.088,0.039,0.146,0.13,0.076,0.1,0.001,0,0.114,0.007,0.119,0.537,0.339,0.055,0.07,0.184,0.121,0.152,0.102,0.132,0.102,0.118,0.072,572,1458,1154,0.342,0.324,0.297,0.007,0.03
Deakin,VIC,0.482,0.518,0.063,0.062,0.057,0.057,0.058,0.063,0.074,0.073,0.074,0.07,0.063,0.057,0.051,0.049,0.042,0.033,0.026,0.03,39,0.064,0.211,0.048,0.023,0.134,0.044,0.042,0.061,0.177,0.036,0.16,0.305,0.105,0.029,0.098,0.154,0.059,0.069,0,0,0.074,0.009,0.072,0.573,0.325,0.043,0.058,0.283,0.146,0.124,0.13,0.1,0.096,0.07,0.037,680,1895,1522,0.355,0.362,0.253,0.008,0.022
Dunkley,VIC,0.483,0.517,0.061,0.062,0.058,0.059,0.058,0.057,0.061,0.062,0.069,0.073,0.067,0.065,0.059,0.058,0.047,0.035,0.025,0.025,41,0.061,0.216,0.038,0.029,0.135,0.034,0.048,0.066,0.108,0.029,0.236,0.172,0.106,0.039,0.152,0.146,0.073,0.096,0.001,0,0.081,0.003,0.105,0.563,0.328,0.049,0.061,0.191,0.135,0.165,0.125,0.117,0.11,0.089,0.053,653,1696,1325,0.316,0.377,0.264,0.015,0.028
Flinders,VIC,0.489,0.511,0.054,0.061,0.059,0.056,0.049,0.046,0.049,0.052,0.063,0.069,0.068,0.07,0.071,0.073,0.059,0.042,0.029,0.03,45,0.056,0.224,0.039,0.032,0.127,0.042,0.047,0.06,0.077,0.024,0.272,0.141,0.1,0.035,0.17,0.133,0.077,0.104,0.001,0,0.093,0.003,0.114,0.535,0.358,0.057,0.05,0.157,0.12,0.19,0.136,0.117,0.106,0.104,0.053,611,1516,1224,0.383,0.364,0.209,0.013,0.031
Gellibrand,VIC,0.499,0.501,0.07,0.058,0.045,0.048,0.069,0.089,0.094,0.084,0.076,0.069,0.061,0.056,0.046,0.039,0.029,0.025,0.02,0.021,36,0.053,0.16,0.059,0.015,0.092,0.051,0.021,0.058,0.212,0.045,0.234,0.284,0.087,0.024,0.089,0.171,0.047,0.062,0.001,0,0.098,0.019,0.098,0.584,0.291,0.047,0.079,0.262,0.135,0.113,0.135,0.098,0.085,0.09,0.063,672,1841,1490,0.296,0.313,0.354,0.005,0.032
Gippsland,VIC,0.494,0.506,0.056,0.061,0.058,0.057,0.053,0.054,0.056,0.053,0.057,0.063,0.069,0.074,0.074,0.073,0.054,0.039,0.026,0.025,44,0.048,0.182,0.064,0.021,0.116,0.063,0.025,0.051,0.067,0.021,0.341,0.115,0.079,0.035,0.173,0.111,0.084,0.114,0.001,0,0.117,0.004,0.143,0.521,0.34,0.065,0.074,0.156,0.119,0.162,0.136,0.118,0.096,0.125,0.071,545,1351,1058,0.396,0.324,0.24,0.007,0.033
Goldstein,VIC,0.478,0.522,0.053,0.066,0.068,0.062,0.055,0.049,0.053,0.058,0.074,0.084,0.074,0.067,0.057,0.053,0.04,0.029,0.022,0.035,42,0.059,0.169,0.056,0.062,0.076,0.045,0.116,0.034,0.188,0.022,0.173,0.397,0.105,0.018,0.062,0.16,0.049,0.05,0,0,0.052,0.003,0.077,0.573,0.337,0.041,0.05,0.34,0.129,0.075,0.206,0.088,0.095,0.036,0.016,857,2592,2018,0.384,0.324,0.26,0.009,0.023
Gorton,VIC,0.494,0.506,0.083,0.083,0.071,0.065,0.066,0.072,0.084,0.084,0.079,0.068,0.057,0.051,0.046,0.038,0.023,0.014,0.008,0.007,33,0.056,0.202,0.071,0.031,0.135,0.052,0.027,0.049,0.117,0.038,0.223,0.16,0.088,0.031,0.128,0.192,0.067,0.09,0.001,0,0.1,0.016,0.101,0.583,0.282,0.052,0.083,0.144,0.153,0.143,0.095,0.109,0.103,0.116,0.116,611,1586,1475,0.247,0.498,0.219,0.006,0.03
Higgins,VIC,0.479,0.521,0.048,0.049,0.045,0.049,0.088,0.113,0.1,0.073,0.065,0.065,0.059,0.053,0.046,0.043,0.033,0.027,0.02,0.023,35,0.047,0.115,0.039,0.05,0.034,0.04,0.086,0.045,0.303,0.028,0.213,0.465,0.091,0.017,0.046,0.16,0.034,0.033,0,0,0.041,0.005,0.087,0.62,0.286,0.038,0.055,0.389,0.126,0.066,0.183,0.081,0.09,0.034,0.013,967,2572,1911,0.287,0.248,0.434,0.007,0.024
Holt,VIC,0.5,0.5,0.085,0.078,0.067,0.066,0.071,0.076,0.088,0.079,0.071,0.064,0.06,0.055,0.044,0.035,0.023,0.017,0.011,0.011,33,0.053,0.216,0.052,0.03,0.149,0.043,0.03,0.068,0.117,0.041,0.201,0.157,0.1,0.034,0.135,0.184,0.066,0.092,0.001,0,0.094,0.02,0.092,0.591,0.281,0.048,0.08,0.135,0.139,0.164,0.088,0.114,0.1,0.128,0.112,611,1540,1467,0.219,0.514,0.231,0.006,0.03
Hotham,VIC,0.492,0.508,0.062,0.061,0.055,0.057,0.069,0.07,0.075,0.071,0.071,0.071,0.063,0.059,0.051,0.046,0.036,0.03,0.025,0.027,38,0.056,0.171,0.07,0.019,0.118,0.058,0.027,0.064,0.199,0.039,0.178,0.254,0.094,0.023,0.09,0.189,0.053,0.067,0,0,0.101,0.025,0.08,0.571,0.316,0.043,0.07,0.23,0.139,0.129,0.122,0.097,0.104,0.1,0.061,588,1672,1435,0.362,0.335,0.267,0.007,0.028
Indi,VIC,0.492,0.508,0.055,0.063,0.062,0.06,0.049,0.049,0.052,0.053,0.062,0.067,0.071,0.076,0.073,0.07,0.052,0.036,0.025,0.027,44,0.054,0.174,0.075,0.03,0.127,0.063,0.03,0.066,0.062,0.022,0.298,0.139,0.094,0.037,0.167,0.111,0.077,0.114,0.001,0,0.105,0.003,0.126,0.553,0.336,0.062,0.049,0.162,0.111,0.156,0.153,0.119,0.091,0.121,0.07,604,1419,1126,0.381,0.331,0.248,0.009,0.032
Isaacs,VIC,0.49,0.51,0.067,0.065,0.059,0.059,0.062,0.066,0.074,0.074,0.076,0.074,0.067,0.059,0.052,0.046,0.034,0.025,0.019,0.022,38,0.059,0.189,0.064,0.029,0.127,0.051,0.039,0.062,0.144,0.034,0.204,0.209,0.101,0.031,0.119,0.176,0.063,0.081,0.001,0,0.086,0.016,0.09,0.595,0.296,0.047,0.062,0.205,0.147,0.141,0.129,0.102,0.102,0.091,0.066,681,1808,1504,0.299,0.407,0.26,0.008,0.027
Jagajaga,VIC,0.486,0.514,0.062,0.064,0.059,0.059,0.06,0.06,0.063,0.068,0.073,0.072,0.068,0.067,0.059,0.053,0.039,0.028,0.021,0.024,40,0.062,0.202,0.059,0.02,0.121,0.056,0.043,0.05,0.189,0.026,0.172,0.327,0.1,0.027,0.103,0.15,0.058,0.062,0,0,0.069,0.005,0.075,0.566,0.336,0.045,0.053,0.305,0.147,0.121,0.145,0.099,0.086,0.054,0.028,753,2131,1757,0.373,0.371,0.226,0.006,0.023
Kooyong,VIC,0.477,0.523,0.045,0.057,0.064,0.071,0.082,0.077,0.063,0.058,0.064,0.072,0.069,0.061,0.052,0.048,0.037,0.027,0.022,0.03,38,0.045,0.144,0.043,0.046,0.078,0.044,0.105,0.035,0.283,0.024,0.153,0.468,0.087,0.015,0.041,0.167,0.04,0.038,0,0,0.046,0.005,0.072,0.572,0.331,0.04,0.057,0.393,0.126,0.058,0.185,0.082,0.092,0.034,0.012,861,2598,2035,0.374,0.281,0.315,0.008,0.022
La Trobe,VIC,0.496,0.504,0.067,0.073,0.072,0.074,0.063,0.055,0.062,0.069,0.079,0.08,0.072,0.063,0.052,0.043,0.029,0.021,0.013,0.013,37,0.058,0.209,0.051,0.051,0.127,0.056,0.069,0.064,0.129,0.026,0.16,0.202,0.113,0.039,0.149,0.163,0.072,0.084,0,0,0.073,0.004,0.074,0.58,0.32,0.046,0.054,0.199,0.15,0.165,0.128,0.104,0.101,0.082,0.056,705,1922,1724,0.289,0.517,0.165,0.008,0.021
Lalor,VIC,0.501,0.499,0.097,0.083,0.064,0.058,0.062,0.081,0.107,0.093,0.074,0.063,0.054,0.046,0.038,0.031,0.019,0.013,0.008,0.007,32,0.062,0.196,0.072,0.039,0.114,0.054,0.028,0.055,0.134,0.044,0.203,0.241,0.1,0.031,0.114,0.171,0.06,0.081,0.001,0,0.078,0.01,0.089,0.6,0.27,0.047,0.083,0.184,0.151,0.129,0.105,0.112,0.097,0.096,0.107,677,1697,1600,0.208,0.474,0.288,0.006,0.024
Mallee,VIC,0.495,0.505,0.057,0.062,0.06,0.061,0.053,0.056,0.053,0.05,0.057,0.065,0.069,0.073,0.069,0.065,0.049,0.04,0.029,0.032,44,0.053,0.193,0.056,0.023,0.171,0.042,0.011,0.049,0.052,0.02,0.33,0.101,0.072,0.032,0.145,0.115,0.091,0.126,0.001,0,0.144,0.008,0.143,0.561,0.319,0.061,0.058,0.147,0.104,0.129,0.19,0.111,0.098,0.137,0.067,548,1308,1015,0.399,0.299,0.257,0.009,0.035
Maribyrnong,VIC,0.492,0.508,0.059,0.055,0.053,0.058,0.077,0.084,0.082,0.068,0.068,0.068,0.062,0.058,0.052,0.046,0.035,0.03,0.023,0.023,37,0.043,0.109,0.094,0.022,0.101,0.064,0.029,0.055,0.204,0.046,0.233,0.24,0.085,0.022,0.089,0.189,0.052,0.067,0,0,0.11,0.023,0.101,0.566,0.305,0.049,0.079,0.228,0.142,0.118,0.123,0.102,0.099,0.1,0.067,592,1630,1405,0.358,0.288,0.314,0.006,0.033
McEwen,VIC,0.495,0.505,0.085,0.079,0.069,0.065,0.06,0.069,0.08,0.076,0.074,0.07,0.063,0.055,0.047,0.041,0.027,0.017,0.011,0.01,34,0.066,0.22,0.07,0.025,0.132,0.06,0.03,0.056,0.105,0.029,0.206,0.167,0.103,0.037,0.16,0.161,0.074,0.09,0.001,0,0.083,0.006,0.092,0.59,0.298,0.052,0.059,0.163,0.151,0.165,0.115,0.117,0.099,0.092,0.081,699,1784,1613,0.246,0.516,0.211,0.005,0.022
McMillan,VIC,0.486,0.514,0.069,0.07,0.063,0.06,0.054,0.059,0.064,0.058,0.06,0.065,0.064,0.065,0.062,0.061,0.047,0.033,0.023,0.023,40,0.059,0.209,0.057,0.033,0.133,0.042,0.037,0.061,0.077,0.027,0.264,0.124,0.088,0.039,0.176,0.121,0.082,0.113,0.001,0,0.111,0.003,0.117,0.546,0.332,0.059,0.064,0.144,0.121,0.17,0.137,0.111,0.098,0.125,0.078,575,1427,1163,0.344,0.375,0.241,0.01,0.029
Melbourne,VIC,0.485,0.515,0.041,0.029,0.023,0.061,0.165,0.176,0.132,0.079,0.055,0.048,0.041,0.038,0.032,0.027,0.018,0.013,0.01,0.011,30,0.02,0.055,0.016,0.009,0.034,0.012,0.014,0.064,0.468,0.049,0.26,0.448,0.074,0.015,0.038,0.197,0.025,0.022,0,0,0.033,0.009,0.121,0.597,0.271,0.042,0.089,0.402,0.112,0.072,0.148,0.105,0.078,0.049,0.017,747,2169,1484,0.16,0.187,0.615,0.007,0.031
Melbourne Ports,VIC,0.488,0.512,0.049,0.039,0.032,0.036,0.08,0.13,0.129,0.091,0.072,0.065,0.056,0.053,0.045,0.042,0.028,0.02,0.013,0.019,35,0.043,0.084,0.018,0.054,0.035,0.014,0.064,0.052,0.27,0.041,0.325,0.446,0.091,0.019,0.053,0.15,0.031,0.03,0,0,0.033,0.004,0.12,0.655,0.252,0.039,0.054,0.385,0.122,0.074,0.19,0.085,0.08,0.034,0.013,1042,2515,1866,0.216,0.231,0.523,0.006,0.025
Menzies,VIC,0.485,0.515,0.049,0.058,0.059,0.067,0.063,0.056,0.054,0.057,0.064,0.074,0.073,0.068,0.058,0.054,0.047,0.04,0.029,0.029,43,0.053,0.178,0.053,0.031,0.125,0.054,0.068,0.05,0.206,0.031,0.151,0.312,0.1,0.02,0.087,0.177,0.056,0.061,0,0,0.079,0.009,0.071,0.559,0.341,0.042,0.058,0.275,0.148,0.11,0.165,0.091,0.113,0.057,0.026,646,1953,1701,0.443,0.345,0.177,0.01,0.025
Murray,VIC,0.496,0.504,0.059,0.063,0.062,0.063,0.05,0.052,0.052,0.052,0.059,0.065,0.069,0.071,0.069,0.066,0.052,0.04,0.029,0.029,44,0.049,0.178,0.081,0.016,0.123,0.071,0.026,0.057,0.051,0.022,0.326,0.107,0.076,0.031,0.153,0.112,0.086,0.124,0.001,0,0.138,0.008,0.141,0.56,0.319,0.065,0.056,0.147,0.105,0.138,0.174,0.105,0.095,0.15,0.07,558,1349,1080,0.383,0.319,0.252,0.01,0.036
Scullin,VIC,0.496,0.504,0.07,0.064,0.06,0.062,0.072,0.076,0.082,0.071,0.067,0.066,0.065,0.06,0.051,0.045,0.032,0.024,0.018,0.014,35,0.054,0.182,0.073,0.018,0.128,0.068,0.019,0.064,0.174,0.035,0.186,0.189,0.093,0.027,0.117,0.191,0.063,0.078,0.001,0,0.116,0.019,0.083,0.566,0.312,0.051,0.072,0.173,0.146,0.15,0.1,0.113,0.11,0.106,0.084,569,1567,1434,0.34,0.406,0.218,0.008,0.027
Wannon,VIC,0.497,0.503,0.053,0.06,0.061,0.06,0.05,0.048,0.048,0.051,0.059,0.068,0.072,0.075,0.074,0.07,0.053,0.039,0.028,0.029,45,0.049,0.181,0.077,0.016,0.13,0.067,0.023,0.05,0.058,0.019,0.328,0.12,0.077,0.033,0.153,0.115,0.09,0.115,0.001,0,0.131,0.003,0.14,0.538,0.345,0.065,0.052,0.147,0.097,0.136,0.185,0.11,0.093,0.145,0.072,553,1345,1043,0.414,0.305,0.238,0.01,0.033
Wills,VIC,0.489,0.511,0.063,0.054,0.045,0.044,0.079,0.109,0.107,0.087,0.071,0.064,0.055,0.048,0.039,0.033,0.026,0.028,0.024,0.026,35,0.051,0.133,0.061,0.023,0.087,0.039,0.023,0.057,0.27,0.037,0.219,0.337,0.084,0.022,0.079,0.165,0.04,0.05,0,0,0.095,0.017,0.091,0.581,0.305,0.046,0.068,0.312,0.135,0.115,0.124,0.102,0.085,0.07,0.041,686,1862,1515,0.3,0.289,0.377,0.006,0.028
Blair ,QLD,0.495,0.505,0.077,0.078,0.07,0.067,0.068,0.071,0.073,0.063,0.064,0.064,0.063,0.059,0.052,0.045,0.033,0.024,0.015,0.014,34,0.042,0.234,0.041,0.032,0.131,0.042,0.042,0.059,0.099,0.026,0.251,0.106,0.082,0.037,0.174,0.161,0.047,0.154,0.001,0,0.097,0.004,0.11,0.584,0.278,0.051,0.087,0.137,0.139,0.154,0.095,0.129,0.095,0.135,0.097,625,1482,1303,0.255,0.344,0.371,0.005,0.025
Bonner,QLD,0.486,0.514,0.063,0.067,0.063,0.066,0.067,0.061,0.069,0.07,0.076,0.073,0.068,0.059,0.051,0.045,0.035,0.026,0.02,0.021,38,0.043,0.181,0.065,0.041,0.108,0.062,0.052,0.054,0.2,0.025,0.171,0.265,0.098,0.026,0.123,0.177,0.037,0.107,0,0,0.06,0.003,0.077,0.595,0.298,0.044,0.063,0.254,0.159,0.132,0.119,0.097,0.094,0.079,0.05,749,2050,1742,0.312,0.373,0.282,0.009,0.024
Bowman,QLD,0.49,0.51,0.055,0.066,0.067,0.066,0.056,0.05,0.057,0.058,0.068,0.071,0.073,0.071,0.064,0.06,0.045,0.031,0.021,0.022,41,0.041,0.204,0.055,0.056,0.136,0.044,0.077,0.058,0.122,0.023,0.182,0.155,0.103,0.034,0.178,0.165,0.044,0.143,0.001,0,0.067,0.002,0.078,0.588,0.306,0.045,0.061,0.172,0.16,0.159,0.124,0.109,0.1,0.098,0.063,686,1815,1521,0.318,0.397,0.245,0.016,0.023
Brisbane,QLD,0.499,0.501,0.048,0.045,0.042,0.052,0.111,0.128,0.109,0.079,0.071,0.068,0.059,0.05,0.041,0.033,0.023,0.016,0.011,0.014,33,0.03,0.107,0.048,0.013,0.034,0.048,0.046,0.056,0.324,0.046,0.248,0.405,0.087,0.022,0.073,0.184,0.023,0.051,0,0,0.028,0.003,0.104,0.621,0.279,0.04,0.061,0.346,0.135,0.083,0.151,0.097,0.083,0.058,0.022,938,2466,1868,0.2,0.261,0.506,0.006,0.027
Capricornia,QLD,0.51,0.59,0.068,0.072,0.067,0.065,0.061,0.066,0.069,0.064,0.066,0.068,0.07,0.067,0.057,0.047,0.034,0.025,0.018,0.017,37,0.032,0.201,0.061,0.021,0.111,0.069,0.032,0.042,0.088,0.019,0.323,0.113,0.059,0.028,0.185,0.147,0.047,0.161,0.001,0,0.093,0.003,0.142,0.598,0.268,0.056,0.078,0.145,0.121,0.184,0.107,0.102,0.086,0.116,0.126,671,1733,1418,0.293,0.331,0.334,0.009,0.033
Dawson,QLD,0.508,0.492,0.062,0.068,0.065,0.061,0.063,0.068,0.068,0.063,0.069,0.072,0.072,0.068,0.058,0.049,0.036,0.025,0.017,0.016,38,0.036,0.186,0.068,0.03,0.128,0.06,0.025,0.043,0.088,0.019,0.317,0.119,0.069,0.028,0.191,0.147,0.047,0.155,0.001,0,0.086,0.003,0.132,0.599,0.27,0.053,0.079,0.152,0.119,0.175,0.117,0.105,0.093,0.118,0.106,694,1703,1381,0.289,0.336,0.334,0.009,0.031
Dickson,QLD,0.494,0.506,0.067,0.077,0.072,0.068,0.061,0.057,0.064,0.069,0.078,0.077,0.068,0.062,0.053,0.049,0.034,0.02,0.012,0.012,37,0.048,0.229,0.059,0.048,0.137,0.051,0.054,0.054,0.139,0.024,0.157,0.193,0.107,0.035,0.164,0.179,0.043,0.126,0.001,0,0.056,0.002,0.069,0.593,0.3,0.046,0.061,0.202,0.166,0.147,0.121,0.117,0.094,0.08,0.057,746,1946,1739,0.281,0.46,0.232,0.01,0.017
Fadden,QLD,0.485,0.515,0.064,0.066,0.061,0.063,0.067,0.064,0.065,0.065,0.07,0.071,0.066,0.061,0.054,0.054,0.043,0.029,0.018,0.018,38,0.048,0.18,0.037,0.053,0.127,0.025,0.051,0.058,0.142,0.024,0.255,0.152,0.1,0.031,0.162,0.176,0.049,0.125,0.001,0,0.06,0.003,0.11,0.568,0.314,0.043,0.075,0.166,0.143,0.151,0.125,0.116,0.122,0.1,0.059,658,1642,1419,0.256,0.334,0.378,0.007,0.024
Fairfax,QLD,0.481,0.519,0.055,0.066,0.064,0.058,0.052,0.051,0.057,0.059,0.069,0.072,0.071,0.068,0.064,0.062,0.048,0.034,0.024,0.024,42,0.041,0.207,0.035,0.058,0.131,0.034,0.06,0.055,0.132,0.024,0.224,0.179,0.105,0.036,0.168,0.151,0.045,0.127,0.001,0,0.061,0.002,0.096,0.527,0.357,0.046,0.071,0.201,0.13,0.16,0.117,0.12,0.109,0.101,0.048,630,1519,1298,0.316,0.346,0.294,0.019,0.026
Fisher,QLD,0.483,0.517,0.051,0.062,0.063,0.062,0.052,0.05,0.054,0.056,0.067,0.069,0.067,0.067,0.063,0.066,0.055,0.039,0.028,0.028,43,0.038,0.207,0.032,0.051,0.149,0.03,0.047,0.049,0.138,0.024,0.234,0.157,0.098,0.033,0.171,0.152,0.046,0.14,0.001,0,0.071,0.002,0.098,0.523,0.353,0.051,0.073,0.18,0.128,0.164,0.117,0.122,0.114,0.106,0.054,599,1466,1247,0.346,0.314,0.299,0.017,0.024
Flynn,QLD,0.514,0.486,0.073,0.078,0.071,0.059,0.056,0.063,0.069,0.063,0.069,0.071,0.073,0.068,0.057,0.048,0.035,0.023,0.013,0.011,37,0.038,0.232,0.056,0.022,0.157,0.033,0.018,0.045,0.06,0.021,0.318,0.097,0.061,0.029,0.191,0.143,0.049,0.171,0.001,0,0.098,0.003,0.134,0.598,0.259,0.057,0.086,0.118,0.107,0.179,0.136,0.089,0.08,0.138,0.136,633,1673,1384,0.293,0.332,0.338,0.008,0.029
Forde,QLD,0.49,0.51,0.076,0.079,0.069,0.069,0.067,0.069,0.072,0.069,0.07,0.067,0.06,0.057,0.049,0.047,0.032,0.022,0.013,0.013,34,0.049,0.233,0.036,0.051,0.139,0.038,0.049,0.062,0.095,0.027,0.22,0.115,0.088,0.033,0.182,0.179,0.052,0.143,0.001,0,0.076,0.005,0.096,0.592,0.281,0.047,0.08,0.135,0.148,0.168,0.102,0.109,0.104,0.122,0.102,663,1618,1463,0.228,0.395,0.345,0.007,0.026
Griffith,QLD,0.493,0.507,0.056,0.053,0.051,0.054,0.094,0.11,0.103,0.082,0.077,0.069,0.059,0.051,0.041,0.032,0.022,0.017,0.013,0.016,33,0.035,0.126,0.061,0.02,0.064,0.056,0.042,0.057,0.297,0.033,0.209,0.381,0.092,0.024,0.089,0.177,0.026,0.061,0,0,0.037,0.003,0.089,0.617,0.284,0.039,0.059,0.342,0.141,0.096,0.145,0.093,0.081,0.062,0.027,899,2362,1890,0.208,0.297,0.465,0.006,0.025
Groom,QLD,0.485,0.515,0.065,0.071,0.068,0.065,0.065,0.064,0.063,0.057,0.062,0.065,0.062,0.063,0.056,0.052,0.041,0.031,0.023,0.024,38,0.038,0.184,0.06,0.045,0.114,0.056,0.057,0.054,0.129,0.025,0.238,0.167,0.08,0.032,0.156,0.144,0.042,0.151,0.001,0,0.092,0.004,0.107,0.586,0.298,0.048,0.068,0.193,0.136,0.152,0.117,0.113,0.092,0.118,0.066,657,1585,1298,0.313,0.329,0.321,0.011,0.026
Herbert,QLD,0.498,0.502,0.071,0.07,0.065,0.071,0.087,0.079,0.075,0.065,0.067,0.066,0.062,0.058,0.048,0.042,0.029,0.021,0.013,0.012,33,0.037,0.164,0.079,0.026,0.106,0.06,0.033,0.053,0.174,0.023,0.245,0.153,0.078,0.037,0.17,0.178,0.049,0.132,0.001,0,0.069,0.004,0.109,0.584,0.272,0.051,0.094,0.185,0.134,0.153,0.093,0.15,0.097,0.097,0.076,691,1663,1392,0.214,0.341,0.41,0.009,0.026
Hinkler,QLD,0.485,0.515,0.051,0.061,0.061,0.057,0.047,0.047,0.048,0.049,0.056,0.06,0.065,0.07,0.073,0.08,0.067,0.049,0.031,0.027,46,0.036,0.212,0.047,0.038,0.143,0.044,0.036,0.049,0.076,0.024,0.295,0.102,0.07,0.029,0.173,0.128,0.048,0.178,0.001,0,0.118,0.003,0.123,0.507,0.331,0.051,0.111,0.165,0.117,0.143,0.103,0.134,0.113,0.137,0.072,484,1143,946,0.384,0.264,0.306,0.015,0.031
Kennedy,QLD,0.51,0.49,0.064,0.071,0.07,0.061,0.055,0.059,0.059,0.055,0.063,0.067,0.07,0.071,0.064,0.059,0.044,0.031,0.02,0.017,40,0.033,0.212,0.065,0.014,0.136,0.055,0.017,0.037,0.05,0.018,0.365,0.095,0.062,0.025,0.175,0.139,0.049,0.164,0.001,0,0.108,0.005,0.153,0.589,0.273,0.06,0.078,0.13,0.111,0.158,0.141,0.11,0.082,0.149,0.101,595,1409,1177,0.349,0.279,0.327,0.009,0.035
Leichhardt,QLD,0.496,0.504,0.068,0.073,0.068,0.062,0.06,0.069,0.07,0.069,0.074,0.073,0.071,0.066,0.057,0.047,0.032,0.019,0.012,0.011,37,0.037,0.183,0.069,0.025,0.125,0.05,0.019,0.049,0.093,0.024,0.327,0.158,0.09,0.031,0.161,0.157,0.05,0.113,0.001,0,0.063,0.006,0.143,0.574,0.291,0.052,0.082,0.194,0.127,0.147,0.113,0.141,0.1,0.103,0.058,668,1552,1314,0.226,0.301,0.43,0.008,0.035
Lilley,QLD,0.486,0.514,0.062,0.06,0.055,0.055,0.069,0.078,0.083,0.073,0.074,0.069,0.063,0.057,0.05,0.043,0.034,0.028,0.022,0.025,37,0.042,0.169,0.088,0.015,0.098,0.078,0.026,0.06,0.195,0.027,0.201,0.257,0.1,0.03,0.125,0.174,0.035,0.104,0,0,0.061,0.004,0.084,0.609,0.285,0.046,0.06,0.253,0.163,0.124,0.12,0.105,0.09,0.081,0.049,774,1994,1609,0.275,0.333,0.357,0.009,0.026
Longman,QLD,0.492,0.508,0.065,0.073,0.068,0.066,0.062,0.061,0.061,0.059,0.065,0.067,0.064,0.061,0.059,0.059,0.046,0.03,0.018,0.017,38,0.041,0.238,0.032,0.04,0.159,0.033,0.03,0.057,0.084,0.028,0.259,0.093,0.085,0.034,0.188,0.157,0.051,0.161,0.001,0,0.088,0.003,0.111,0.555,0.305,0.051,0.089,0.122,0.141,0.167,0.096,0.121,0.11,0.137,0.088,580,1430,1256,0.283,0.357,0.328,0.008,0.025
Maranoa,QLD,0.503,0.497,0.064,0.071,0.066,0.058,0.052,0.055,0.055,0.054,0.061,0.065,0.069,0.071,0.067,0.065,0.05,0.036,0.023,0.021,42,0.036,0.218,0.065,0.026,0.151,0.032,0.025,0.046,0.049,0.018,0.335,0.098,0.069,0.026,0.155,0.132,0.044,0.186,0.001,0,0.123,0.004,0.14,0.604,0.281,0.058,0.056,0.12,0.108,0.138,0.195,0.095,0.08,0.168,0.09,569,1332,1083,0.369,0.271,0.316,0.011,0.033
McPherson ,QLD,0.48,0.52,0.058,0.063,0.061,0.062,0.06,0.061,0.065,0.066,0.072,0.07,0.064,0.064,0.058,0.056,0.042,0.031,0.022,0.026,40,0.045,0.18,0.035,0.054,0.124,0.028,0.058,0.054,0.157,0.025,0.238,0.184,0.105,0.031,0.156,0.168,0.043,0.12,0,0,0.056,0.002,0.102,0.547,0.344,0.046,0.062,0.204,0.133,0.147,0.121,0.126,0.123,0.088,0.041,662,1657,1395,0.295,0.344,0.328,0.006,0.026
Moncrieff,QLD,0.489,0.511,0.048,0.048,0.047,0.055,0.079,0.084,0.076,0.066,0.065,0.067,0.064,0.062,0.057,0.058,0.046,0.034,0.022,0.025,39,0.036,0.122,0.032,0.039,0.091,0.022,0.051,0.069,0.182,0.042,0.315,0.19,0.102,0.027,0.136,0.182,0.042,0.107,0.001,0,0.053,0.003,0.129,0.544,0.338,0.043,0.075,0.189,0.127,0.14,0.125,0.127,0.126,0.104,0.044,649,1539,1254,0.263,0.278,0.414,0.01,0.035
Moreton,QLD,0.496,0.504,0.063,0.06,0.053,0.061,0.095,0.094,0.087,0.074,0.067,0.062,0.057,0.053,0.046,0.041,0.03,0.022,0.016,0.019,34,0.038,0.159,0.041,0.024,0.092,0.04,0.036,0.066,0.296,0.036,0.172,0.335,0.088,0.02,0.09,0.199,0.029,0.075,0.001,0,0.053,0.01,0.078,0.551,0.322,0.043,0.085,0.289,0.134,0.112,0.113,0.102,0.09,0.093,0.051,637,1813,1601,0.298,0.326,0.34,0.007,0.03
Oxley,QLD,0.499,0.501,0.079,0.078,0.07,0.07,0.071,0.072,0.079,0.074,0.073,0.07,0.063,0.055,0.044,0.037,0.026,0.017,0.011,0.011,33,0.041,0.2,0.044,0.036,0.138,0.035,0.036,0.059,0.134,0.026,0.249,0.19,0.09,0.029,0.127,0.193,0.045,0.109,0.001,0,0.065,0.013,0.115,0.588,0.277,0.046,0.089,0.196,0.146,0.129,0.103,0.118,0.093,0.109,0.088,672,1706,1551,0.224,0.39,0.355,0.007,0.024
Petrie,QLD,0.481,0.519,0.069,0.07,0.063,0.06,0.059,0.061,0.07,0.068,0.071,0.068,0.063,0.057,0.053,0.053,0.04,0.03,0.022,0.024,38,0.045,0.207,0.061,0.04,0.137,0.044,0.039,0.057,0.117,0.028,0.224,0.161,0.097,0.033,0.159,0.166,0.044,0.136,0.001,0,0.075,0.003,0.097,0.583,0.288,0.049,0.079,0.181,0.157,0.144,0.105,0.123,0.102,0.104,0.068,670,1658,1387,0.267,0.331,0.363,0.015,0.024
Rankin,QLD,0.495,0.505,0.082,0.08,0.07,0.07,0.072,0.077,0.082,0.074,0.067,0.063,0.058,0.055,0.048,0.041,0.026,0.016,0.01,0.01,33,0.045,0.227,0.041,0.034,0.158,0.029,0.032,0.066,0.125,0.03,0.213,0.166,0.085,0.026,0.145,0.197,0.049,0.125,0.001,0,0.075,0.013,0.092,0.579,0.278,0.048,0.095,0.164,0.149,0.141,0.089,0.109,0.097,0.125,0.107,626,1529,1431,0.221,0.391,0.357,0.006,0.025
Ryan,QLD,0.489,0.511,0.054,0.065,0.063,0.079,0.107,0.07,0.063,0.065,0.072,0.069,0.06,0.053,0.048,0.044,0.033,0.023,0.015,0.018,34,0.036,0.167,0.044,0.021,0.083,0.049,0.053,0.034,0.366,0.018,0.129,0.408,0.091,0.021,0.075,0.199,0.028,0.061,0,0,0.029,0.002,0.065,0.563,0.323,0.042,0.072,0.366,0.135,0.083,0.142,0.105,0.085,0.05,0.021,779,2359,1964,0.314,0.35,0.31,0.008,0.018
Wide Bay,QLD,0.495,0.505,0.049,0.06,0.065,0.057,0.042,0.04,0.044,0.05,0.061,0.069,0.074,0.079,0.079,0.081,0.062,0.04,0.025,0.024,47,0.034,0.208,0.033,0.04,0.152,0.036,0.041,0.044,0.066,0.024,0.32,0.116,0.084,0.03,0.169,0.131,0.046,0.165,0.001,0,0.098,0.003,0.127,0.5,0.356,0.053,0.091,0.154,0.118,0.154,0.126,0.127,0.105,0.13,0.069,499,1215,1010,0.392,0.303,0.265,0.01,0.029
Wright,QLD,0.498,0.502,0.061,0.074,0.075,0.07,0.056,0.051,0.057,0.062,0.073,0.076,0.074,0.066,0.059,0.055,0.039,0.024,0.014,0.013,39,0.038,0.213,0.048,0.047,0.147,0.032,0.053,0.048,0.096,0.02,0.257,0.12,0.086,0.032,0.178,0.157,0.047,0.149,0.001,0,0.086,0.003,0.114,0.578,0.304,0.053,0.065,0.141,0.139,0.169,0.129,0.103,0.09,0.128,0.086,629,1641,1482,0.297,0.461,0.206,0.006,0.03
Adelaide,SA,0.496,0.504,0.051,0.05,0.046,0.057,0.095,0.092,0.084,0.069,0.063,0.063,0.061,0.06,0.055,0.049,0.033,0.025,0.02,0.026,36,0.035,0.121,0.05,0.041,0.05,0.037,0.053,0.063,0.326,0.026,0.195,0.343,0.085,0.022,0.076,0.178,0.056,0.055,0,0,0.062,0.013,0.086,0.55,0.325,0.044,0.081,0.332,0.127,0.092,0.136,0.107,0.085,0.074,0.031,676,1918,1394,0.281,0.282,0.4,0.013,0.025
Barker,SA,0.505,0.495,0.055,0.062,0.062,0.059,0.051,0.052,0.054,0.054,0.061,0.069,0.071,0.072,0.07,0.067,0.05,0.037,0.025,0.027,44,0.041,0.245,0.045,0.044,0.162,0.019,0.024,0.056,0.047,0.019,0.298,0.088,0.066,0.03,0.157,0.126,0.117,0.134,0.001,0,0.127,0.006,0.122,0.556,0.329,0.058,0.058,0.117,0.102,0.132,0.173,0.102,0.093,0.185,0.08,570,1334,1050,0.358,0.324,0.273,0.016,0.028
Boothby,SA,0.482,0.518,0.053,0.057,0.057,0.064,0.065,0.057,0.06,0.061,0.066,0.068,0.067,0.068,0.062,0.059,0.045,0.033,0.025,0.034,42,0.041,0.189,0.047,0.052,0.099,0.043,0.059,0.057,0.238,0.022,0.153,0.286,0.1,0.03,0.113,0.16,0.074,0.076,0,0,0.059,0.004,0.069,0.529,0.361,0.047,0.063,0.286,0.142,0.117,0.125,0.122,0.093,0.073,0.03,675,1855,1438,0.355,0.38,0.227,0.017,0.021
Grey,SA,0.508,0.492,0.058,0.062,0.06,0.055,0.05,0.056,0.056,0.052,0.058,0.067,0.072,0.076,0.071,0.066,0.054,0.037,0.025,0.025,44,0.044,0.234,0.052,0.027,0.143,0.033,0.015,0.054,0.04,0.015,0.343,0.084,0.06,0.029,0.165,0.12,0.121,0.135,0.001,0,0.119,0.003,0.139,0.538,0.32,0.062,0.08,0.133,0.101,0.148,0.166,0.117,0.087,0.133,0.097,534,1297,997,0.368,0.283,0.309,0.01,0.03
Hindmarsh,SA,0.484,0.516,0.052,0.049,0.045,0.053,0.071,0.073,0.073,0.064,0.062,0.066,0.065,0.064,0.059,0.056,0.044,0.036,0.03,0.038,41,0.039,0.151,0.073,0.036,0.078,0.058,0.034,0.067,0.233,0.027,0.204,0.236,0.093,0.028,0.117,0.17,0.078,0.081,0,0,0.078,0.007,0.083,0.543,0.34,0.048,0.069,0.237,0.153,0.121,0.125,0.122,0.1,0.083,0.044,643,1699,1244,0.336,0.289,0.331,0.018,0.025
Kingston,SA,0.489,0.511,0.065,0.065,0.06,0.061,0.061,0.063,0.07,0.065,0.066,0.067,0.065,0.065,0.062,0.059,0.041,0.027,0.019,0.02,39,0.044,0.233,0.049,0.047,0.138,0.031,0.039,0.068,0.117,0.024,0.209,0.12,0.089,0.042,0.181,0.155,0.106,0.115,0.001,0,0.071,0.002,0.087,0.525,0.343,0.052,0.079,0.147,0.146,0.173,0.09,0.142,0.113,0.112,0.063,587,1412,1168,0.276,0.431,0.255,0.015,0.023
Makin,SA,0.494,0.506,0.06,0.061,0.058,0.062,0.065,0.065,0.071,0.068,0.067,0.069,0.066,0.062,0.057,0.056,0.042,0.03,0.021,0.02,39,0.042,0.204,0.051,0.058,0.111,0.04,0.051,0.072,0.163,0.028,0.182,0.158,0.091,0.037,0.158,0.164,0.098,0.104,0.001,0,0.076,0.007,0.078,0.559,0.322,0.045,0.074,0.175,0.161,0.153,0.1,0.126,0.103,0.101,0.065,619,1556,1305,0.313,0.428,0.218,0.021,0.019
Mayo,SA,0.49,0.51,0.051,0.062,0.062,0.061,0.046,0.04,0.045,0.051,0.064,0.071,0.072,0.077,0.074,0.077,0.058,0.038,0.025,0.025,36,0.042,0.219,0.026,0.081,0.117,0.024,0.078,0.056,0.113,0.017,0.227,0.191,0.099,0.033,0.151,0.137,0.092,0.1,0.001,0,0.069,0.001,0.094,0.515,0.377,0.056,0.052,0.21,0.123,0.144,0.152,0.117,0.091,0.102,0.048,613,1540,1241,0.383,0.396,0.183,0.018,0.021
Port Adelaide,SA,0.492,0.508,0.064,0.062,0.057,0.062,0.068,0.071,0.078,0.067,0.066,0.07,0.07,0.067,0.055,0.046,0.032,0.026,0.02,0.022,37,0.043,0.186,0.086,0.028,0.11,0.059,0.024,0.078,0.146,0.03,0.211,0.135,0.072,0.031,0.137,0.175,0.096,0.106,0.001,0,0.109,0.021,0.089,0.545,0.312,0.049,0.094,0.152,0.139,0.143,0.091,0.13,0.099,0.14,0.088,539,1368,1128,0.266,0.371,0.327,0.01,0.026
Sturt,SA,0.479,0.521,0.053,0.056,0.055,0.062,0.062,0.062,0.064,0.063,0.066,0.069,0.065,0.061,0.054,0.055,0.047,0.04,0.03,0.037,41,0.043,0.179,0.065,0.038,0.097,0.054,0.053,0.061,0.231,0.024,0.155,0.302,0.092,0.023,0.095,0.164,0.072,0.071,0,0,0.076,0.008,0.071,0.538,0.351,0.042,0.069,0.293,0.144,0.109,0.125,0.108,0.096,0.077,0.034,636,1750,1328,0.366,0.321,0.268,0.024,0.022
Wakefield,SA,0.497,0.503,0.073,0.072,0.065,0.065,0.068,0.068,0.067,0.058,0.061,0.066,0.069,0.065,0.054,0.047,0.036,0.027,0.02,0.019,36,0.047,0.211,0.047,0.065,0.112,0.04,0.047,0.076,0.084,0.026,0.245,0.081,0.07,0.037,0.163,0.151,0.118,0.132,0.001,0,0.104,0.011,0.107,0.533,0.314,0.054,0.1,0.115,0.123,0.153,0.113,0.129,0.098,0.152,0.099,539,1320,1089,0.255,0.397,0.313,0.009,0.026
Brand,WA,0.5,0.5,0.078,0.078,0.067,0.064,0.069,0.076,0.081,0.07,0.071,0.07,0.064,0.053,0.043,0.038,0.029,0.022,0.015,0.012,34,0.042,0.224,0.037,0.046,0.134,0.029,0.045,0.061,0.091,0.024,0.269,0.115,0.086,0.045,0.179,0.157,0.067,0.144,0.001,0,0.058,0.002,0.119,0.57,0.276,0.054,0.1,0.136,0.126,0.2,0.088,0.126,0.097,0.112,0.097,683,1775,1533,0.217,0.492,0.261,0.007,0.023
Burt,WA,0.501,0.499,0.08,0.074,0.065,0.065,0.069,0.079,0.088,0.078,0.069,0.065,0.061,0.052,0.048,0.04,0.026,0.019,0.012,0.011,33,0.047,0.213,0.038,0.047,0.141,0.031,0.045,0.07,0.129,0.028,0.212,0.176,0.087,0.033,0.144,0.175,0.061,0.131,0.001,0,0.062,0.008,0.093,0.569,0.287,0.049,0.094,0.163,0.144,0.17,0.089,0.112,0.1,0.108,0.098,672,1726,1539,0.234,0.506,0.228,0.009,0.022
Canning,WA,0.494,0.506,0.063,0.067,0.063,0.061,0.055,0.056,0.06,0.057,0.063,0.068,0.068,0.064,0.062,0.063,0.049,0.038,0.024,0.02,41,0.041,0.203,0.046,0.055,0.121,0.038,0.061,0.058,0.085,0.023,0.271,0.109,0.085,0.036,0.181,0.144,0.066,0.161,0.001,0,0.073,0.002,0.113,0.541,0.307,0.059,0.093,0.135,0.123,0.2,0.102,0.111,0.095,0.107,0.11,604,1626,1341,0.312,0.419,0.223,0.021,0.025
Cowan,WA,0.497,0.503,0.072,0.073,0.068,0.07,0.066,0.068,0.077,0.073,0.072,0.072,0.065,0.058,0.048,0.043,0.029,0.021,0.013,0.013,35,0.044,0.21,0.057,0.039,0.15,0.048,0.042,0.067,0.134,0.029,0.181,0.154,0.088,0.032,0.152,0.191,0.061,0.128,0.001,0,0.068,0.013,0.082,0.558,0.309,0.05,0.083,0.157,0.147,0.177,0.097,0.113,0.104,0.112,0.075,662,1793,1620,0.266,0.509,0.196,0.009,0.02
Curtin,WA,0.486,0.514,0.052,0.06,0.064,0.063,0.069,0.077,0.073,0.065,0.066,0.07,0.064,0.059,0.054,0.047,0.038,0.03,0.023,0.027,38,0.036,0.157,0.039,0.045,0.07,0.04,0.101,0.039,0.258,0.02,0.195,0.441,0.091,0.015,0.061,0.153,0.033,0.057,0,0,0.033,0.002,0.092,0.56,0.337,0.041,0.062,0.393,0.114,0.081,0.161,0.09,0.077,0.05,0.02,939,2782,2052,0.341,0.307,0.317,0.012,0.022
Durack,WA,0.543,0.457,0.073,0.073,0.061,0.051,0.056,0.082,0.089,0.077,0.076,0.074,0.072,0.065,0.052,0.038,0.026,0.017,0.011,0.009,35,0.04,0.203,0.051,0.019,0.114,0.033,0.014,0.05,0.041,0.015,0.422,0.112,0.067,0.032,0.175,0.133,0.065,0.141,0.001,0,0.068,0.005,0.177,0.652,0.215,0.07,0.063,0.139,0.105,0.2,0.14,0.093,0.06,0.12,0.123,888,1974,1656,0.24,0.218,0.497,0.01,0.035
Forrest,WA,0.493,0.507,0.065,0.072,0.069,0.062,0.046,0.054,0.063,0.065,0.07,0.072,0.068,0.067,0.062,0.058,0.041,0.029,0.019,0.019,40,0.042,0.209,0.054,0.046,0.15,0.045,0.042,0.059,0.055,0.018,0.279,0.136,0.084,0.039,0.173,0.131,0.063,0.156,0,0,0.068,0.003,0.117,0.529,0.339,0.063,0.069,0.15,0.111,0.185,0.119,0.104,0.098,0.133,0.086,654,1646,1361,0.311,0.385,0.27,0.011,0.023
Fremantle,WA,0.49,0.51,0.067,0.064,0.056,0.057,0.061,0.074,0.083,0.078,0.074,0.073,0.066,0.06,0.052,0.044,0.031,0.024,0.018,0.017,37,0.041,0.194,0.056,0.023,0.095,0.072,0.03,0.059,0.165,0.023,0.241,0.243,0.092,0.031,0.135,0.156,0.046,0.1,0,0,0.063,0.005,0.1,0.57,0.306,0.05,0.074,0.245,0.134,0.159,0.118,0.103,0.085,0.082,0.056,773,2077,1713,0.278,0.421,0.27,0.007,0.024
Hasluck,WA ,0.507,0.493,0.062,0.064,0.062,0.065,0.063,0.065,0.071,0.067,0.069,0.072,0.069,0.063,0.057,0.053,0.037,0.027,0.018,0.016,38,0.039,0.185,0.044,0.046,0.115,0.056,0.053,0.063,0.111,0.024,0.263,0.165,0.091,0.034,0.152,0.158,0.058,0.131,0,0,0.064,0.006,0.112,0.565,0.302,0.052,0.081,0.171,0.143,0.176,0.104,0.109,0.089,0.1,0.091,685,1805,1527,0.311,0.455,0.203,0.009,0.022
Moore,WA,0.496,0.504,0.056,0.068,0.068,0.071,0.066,0.053,0.057,0.062,0.072,0.078,0.077,0.073,0.063,0.054,0.032,0.02,0.015,0.014,39,0.04,0.209,0.058,0.045,0.125,0.055,0.07,0.054,0.181,0.019,0.143,0.237,0.111,0.034,0.147,0.176,0.053,0.102,0,0,0.04,0.001,0.066,0.548,0.336,0.047,0.068,0.235,0.15,0.158,0.129,0.106,0.099,0.069,0.04,782,2263,2002,0.34,0.466,0.174,0.004,0.016
O'Connor,WA,0.51,0.49,0.064,0.07,0.065,0.059,0.05,0.06,0.063,0.059,0.065,0.07,0.072,0.073,0.065,0.058,0.041,0.03,0.019,0.018,40,0.04,0.218,0.04,0.028,0.146,0.027,0.03,0.056,0.04,0.014,0.361,0.11,0.07,0.031,0.158,0.138,0.067,0.163,0.001,0,0.082,0.004,0.149,0.585,0.291,0.067,0.057,0.131,0.102,0.166,0.17,0.097,0.078,0.125,0.114,667,1642,1325,0.339,0.314,0.307,0.01,0.029
Pearce,WA,0.495,0.505,0.079,0.078,0.072,0.067,0.065,0.076,0.079,0.071,0.075,0.074,0.063,0.052,0.043,0.039,0.027,0.019,0.012,0.009,33,0.043,0.213,0.045,0.046,0.123,0.045,0.051,0.058,0.094,0.023,0.259,0.131,0.096,0.038,0.173,0.171,0.062,0.128,0,0,0.051,0.003,0.115,0.575,0.288,0.055,0.082,0.14,0.14,0.187,0.111,0.119,0.096,0.106,0.085,731,1857,1658,0.196,0.551,0.22,0.012,0.021
Perth,WA,0.499,0.501,0.054,0.048,0.04,0.045,0.073,0.109,0.109,0.081,0.069,0.065,0.061,0.057,0.051,0.043,0.031,0.024,0.018,0.022,36,0.032,0.126,0.053,0.024,0.069,0.045,0.033,0.079,0.211,0.038,0.29,0.321,0.093,0.025,0.097,0.159,0.035,0.075,0,0,0.05,0.007,0.114,0.595,0.286,0.045,0.073,0.302,0.131,0.126,0.133,0.102,0.078,0.072,0.041,829,2141,1700,0.261,0.326,0.378,0.011,0.024
Stirling,WA,0.491,0.509,0.065,0.057,0.05,0.05,0.063,0.091,0.096,0.074,0.069,0.064,0.059,0.055,0.05,0.047,0.036,0.03,0.023,0.022,36,0.039,0.148,0.067,0.031,0.084,0.056,0.043,0.077,0.177,0.035,0.242,0.257,0.098,0.026,0.111,0.168,0.044,0.093,0,0,0.066,0.012,0.096,0.565,0.311,0.046,0.078,0.239,0.137,0.144,0.117,0.108,0.092,0.093,0.053,723,1847,1475,0.3,0.345,0.322,0.008,0.026
Swan,WA,0.503,0.497,0.06,0.05,0.043,0.053,0.095,0.11,0.102,0.077,0.063,0.059,0.055,0.053,0.047,0.04,0.029,0.023,0.018,0.023,34,0.029,0.113,0.047,0.031,0.062,0.044,0.033,0.08,0.26,0.035,0.266,0.286,0.091,0.026,0.099,0.177,0.04,0.082,0,0,0.05,0.007,0.117,0.567,0.297,0.047,0.09,0.251,0.132,0.14,0.113,0.109,0.084,0.093,0.064,720,1897,1527,0.246,0.31,0.402,0.013,0.029
Tangney,WA,0.486,0.514,0.049,0.062,0.065,0.071,0.068,0.056,0.055,0.06,0.067,0.071,0.068,0.066,0.063,0.056,0.039,0.03,0.024,0.029,41,0.037,0.204,0.045,0.019,0.15,0.058,0.042,0.05,0.224,0.02,0.152,0.326,0.101,0.022,0.094,0.17,0.043,0.088,0,0,0.049,0.004,0.073,0.537,0.346,0.041,0.076,0.3,0.141,0.115,0.137,0.096,0.091,0.068,0.038,716,2156,1797,0.409,0.344,0.213,0.015,0.019
Bass,TAS,0.486,0.514,0.057,0.062,0.059,0.065,0.069,0.058,0.058,0.056,0.062,0.068,0.067,0.068,0.063,0.059,0.047,0.033,0.024,0.025,41,0.026,0.21,0.044,0.033,0.122,0.035,0.039,0.078,0.139,0.018,0.256,0.15,0.071,0.03,0.146,0.126,0.048,0.181,0.001,0,0.103,0.006,0.111,0.52,0.348,0.054,0.078,0.191,0.125,0.137,0.114,0.122,0.11,0.114,0.07,558,1372,1053,0.336,0.322,0.306,0.009,0.026
Braddon,TAS,0.487,0.513,0.056,0.063,0.06,0.062,0.053,0.052,0.052,0.052,0.059,0.068,0.072,0.074,0.07,0.067,0.051,0.038,0.026,0.024,44,0.025,0.233,0.063,0.027,0.146,0.045,0.019,0.079,0.06,0.017,0.287,0.095,0.068,0.029,0.172,0.094,0.051,0.212,0.001,0,0.131,0.003,0.117,0.52,0.342,0.06,0.078,0.136,0.114,0.15,0.12,0.121,0.102,0.153,0.087,523,1276,982,0.364,0.314,0.285,0.007,0.03
Denison,TAS,0.486,0.514,0.052,0.057,0.055,0.061,0.075,0.074,0.067,0.06,0.064,0.066,0.066,0.068,0.061,0.054,0.04,0.031,0.023,0.026,39,0.024,0.169,0.05,0.031,0.096,0.041,0.046,0.068,0.232,0.022,0.22,0.268,0.075,0.027,0.111,0.15,0.04,0.123,0.001,0,0.079,0.006,0.097,0.525,0.355,0.05,0.071,0.27,0.139,0.128,0.117,0.113,0.092,0.084,0.04,638,1622,1224,0.318,0.311,0.336,0.009,0.026
Franklin,TAS,0.487,0.513,0.06,0.065,0.061,0.059,0.049,0.051,0.059,0.059,0.065,0.069,0.068,0.074,0.068,0.065,0.047,0.035,0.023,0.023,43,0.028,0.213,0.074,0.04,0.12,0.061,0.037,0.069,0.114,0.021,0.224,0.195,0.09,0.031,0.147,0.127,0.047,0.154,0.001,0,0.081,0.002,0.095,0.536,0.357,0.054,0.053,0.211,0.155,0.141,0.124,0.123,0.095,0.093,0.042,642,1572,1265,0.372,0.383,0.214,0.009,0.023
Lyons,TAS,0.5,0.5,0.054,0.063,0.061,0.058,0.047,0.046,0.05,0.05,0.059,0.069,0.075,0.082,0.079,0.078,0.055,0.036,0.021,0.018,45,0.025,0.247,0.046,0.02,0.133,0.045,0.021,0.068,0.055,0.018,0.322,0.095,0.069,0.027,0.166,0.103,0.049,0.206,0.001,0,0.124,0.003,0.129,0.513,0.348,0.067,0.072,0.118,0.114,0.156,0.141,0.123,0.096,0.145,0.087,510,1228,981,0.393,0.345,0.227,0.008,0.028
Lingiari,NT,0.524,0.476,0.077,0.08,0.073,0.068,0.073,0.085,0.085,0.074,0.071,0.074,0.069,0.059,0.046,0.031,0.018,0.01,0.005,0.003,32,0.046,0.2,0.031,0.026,0.098,0.024,0.035,0.03,0.052,0.014,0.443,0.114,0.056,0.03,0.12,0.104,0.064,0.114,0.002,0.001,0.122,0.017,0.234,0.642,0.191,0.07,0.098,0.193,0.126,0.155,0.121,0.147,0.058,0.107,0.062,653,1634,1705,0.156,0.253,0.529,0.015,0.047
Solomon,NT,0.513,0.487,0.078,0.068,0.059,0.055,0.072,0.104,0.101,0.084,0.074,0.069,0.061,0.054,0.044,0.033,0.019,0.012,0.006,0.005,33,0.046,0.175,0.033,0.037,0.108,0.027,0.036,0.045,0.151,0.027,0.315,0.226,0.087,0.042,0.139,0.15,0.057,0.081,0.001,0,0.052,0.006,0.136,0.694,0.199,0.06,0.047,0.205,0.146,0.159,0.123,0.132,0.075,0.085,0.055,1047,2381,2176,0.152,0.326,0.484,0.005,0.033
Canberra,ACT,0.492,0.508,0.059,0.06,0.055,0.066,0.075,0.075,0.074,0.067,0.067,0.069,0.069,0.064,0.055,0.049,0.035,0.025,0.017,0.019,37,0.04,0.145,0.066,0.031,0.101,0.056,0.037,0.058,0.247,0.023,0.196,0.357,0.092,0.028,0.081,0.179,0.029,0.075,0,0,0.046,0.003,0.084,0.638,0.261,0.055,0.046,0.304,0.171,0.092,0.17,0.101,0.065,0.047,0.024,1016,2498,2087,0.303,0.371,0.297,0.008,0.021
Fenner,ACT,0.493,0.507,0.076,0.068,0.057,0.057,0.083,0.088,0.095,0.085,0.075,0.065,0.054,0.049,0.042,0.038,0.026,0.018,0.012,0.012,33,0.049,0.171,0.057,0.029,0.106,0.041,0.028,0.066,0.271,0.025,0.157,0.384,0.092,0.03,0.079,0.179,0.026,0.066,0,0,0.044,0.004,0.071,0.632,0.268,0.052,0.048,0.304,0.166,0.1,0.15,0.11,0.07,0.054,0.022,977,2384,2041,0.239,0.396,0.338,0.006,0.021
,,,,,,,,,,,,,,,,,,,,,,,,,,,,,,,,,,,,,,,,,,,,,,,,,,,,,,,,,,,,,,,,,
